{"cameraMode":{"drawMode":2,"name":"Shaded Wireframe","section":"Shading Mode"},"sceneLighting":false,"audioPlay":false,"sceneViewState":{"m_AlwaysRefresh":true,"showFog":true,"showSkybox":false,"showFlares":true,"showImageEffects":true,"showParticleSystems":true,"showVisualEffectGraphs":true,"m_FxEnabled":true},"in2DMode":false,"pivot":{"x":0.15060217678546906,"y":0.01307089626789093,"z":0.05443989858031273},"rotation":{"x":0.11626843363046646,"y":-0.7119405269622803,"z":0.12140209972858429,"w":0.6818271279335022},"size":0.06641586124897003,"orthographic":false}