{"cameraMode":{"drawMode":0,"name":"Shaded","section":"Shading Mode"},"sceneLighting":false,"audioPlay":false,"sceneViewState":{"m_AlwaysRefresh":true,"showFog":true,"showSkybox":false,"showFlares":true,"showImageEffects":true,"showParticleSystems":true,"showVisualEffectGraphs":true,"m_FxEnabled":true},"in2DMode":false,"pivot":{"x":-0.11916312575340271,"y":0.754885196685791,"z":1.0859516859054566},"rotation":{"x":0.7017555236816406,"y":-0.006411431357264519,"z":0.0063159773126244549,"w":0.7123615741729736},"size":0.8518441319465637,"orthographic":false}