{"cameraMode":{"drawMode":0,"name":"Shaded","section":"Shading Mode"},"sceneLighting":false,"audioPlay":false,"sceneViewState":{"m_AlwaysRefresh":true,"showFog":true,"showSkybox":false,"showFlares":true,"showImageEffects":true,"showParticleSystems":true,"showVisualEffectGraphs":true,"m_FxEnabled":true},"in2DMode":false,"pivot":{"x":0.33000004291534426,"y":1.0099999904632569,"z":0.07999998331069946},"rotation":{"x":0.25215068459510805,"y":0.6549769043922424,"z":-0.2472066432237625,"w":0.6680727005004883},"size":1.2247449159622193,"orthographic":false}