{"cameraMode":{"drawMode":0,"name":"Shaded","section":"Shading Mode"},"sceneLighting":false,"audioPlay":false,"sceneViewState":{"m_AlwaysRefresh":true,"showFog":true,"showSkybox":false,"showFlares":true,"showImageEffects":true,"showParticleSystems":true,"showVisualEffectGraphs":true,"m_FxEnabled":true},"in2DMode":false,"pivot":{"x":-0.009465058334171772,"y":1.7203736305236817,"z":0.8418199419975281},"rotation":{"x":0.8171193599700928,"y":-0.000864699250087142,"z":0.0012256816262379289,"w":0.5764663219451904},"size":0.06925910711288452,"orthographic":false}