{"cameraMode":{"drawMode":0,"name":"Shaded","section":"Shading Mode"},"sceneLighting":false,"audioPlay":false,"sceneViewState":{"m_AlwaysRefresh":true,"showFog":true,"showSkybox":false,"showFlares":true,"showImageEffects":true,"showParticleSystems":true,"showVisualEffectGraphs":true,"m_FxEnabled":true},"in2DMode":false,"pivot":{"x":0.550194501876831,"y":1.9688048362731934,"z":2.7150957584381105},"rotation":{"x":0.7060326933860779,"y":-0.004248974844813347,"z":0.004236246924847364,"w":0.7081539034843445},"size":4.232350826263428,"orthographic":false}